<?xml version="1.0" encoding="UTF-8"?>

<databaseChangeLog
        xmlns="http://www.liquibase.org/xml/ns/dbchangelog"
        xmlns:xsi="http://www.w3.org/2001/XMLSchema-instance"
        xsi:schemaLocation="http://www.liquibase.org/xml/ns/dbchangelog
        http://www.liquibase.org/xml/ns/dbchangelog/dbchangelog-4.15.xsd">

    <!--
        ChangeSet: adds "active" column to users table
        Author: oka
        Date: 2025-10-24
    -->
    <changeSet id="3" author="init">
        <addColumn tableName="users">
            <column name="status" type="varchar(50)"></column>
        </addColumn>
    </changeSet>
    <changeSet id="7" author="init">
        <addColumn tableName="cards">
            <column name="update_at" type="date"></column>
        </addColumn>
    </changeSet>
    <changeSet id="8" author="init">
        <addColumn tableName="users">
            <column name="update_at" type="date"></column>
        </addColumn>
    </changeSet>

    <changeSet id="11" author="init">
        <addColumn tableName="cards">
            <column name="update_at" type="timestamp"></column>
        </addColumn>
        <addColumn tableName="users">
            <column name="update_at" type="timestamp"></column>
        </addColumn>
    </changeSet>


</databaseChangeLog>
